Image,Angle (degrees)
grayscale_Img000000.tif,6.84
grayscale_Img000001.tif,7.75
grayscale_Img000002.tif,7.75
grayscale_Img000003.tif,7.14
grayscale_Img000004.tif,7.3
grayscale_Img000005.tif,7.6
grayscale_Img000006.tif,7.14
grayscale_Img000007.tif,7.9
grayscale_Img000008.tif,7.44
grayscale_Img000009.tif,6.69
grayscale_Img000010.tif,6.69
grayscale_Img000011.tif,7.3
grayscale_Img000012.tif,7.9
grayscale_Img000013.tif,8.5
grayscale_Img000014.tif,8.2
grayscale_Img000015.tif,7.6
grayscale_Img000016.tif,6.84
grayscale_Img000017.tif,6.99
grayscale_Img000018.tif,6.99
grayscale_Img000019.tif,6.84
grayscale_Img000020.tif,6.54
grayscale_Img000021.tif,7.45
grayscale_Img000022.tif,7.75
grayscale_Img000023.tif,8.06
grayscale_Img000024.tif,7.75
grayscale_Img000025.tif,6.84
grayscale_Img000026.tif,7.29
grayscale_Img000027.tif,6.69
grayscale_Img000028.tif,6.69
grayscale_Img000029.tif,6.99
grayscale_Img000030.tif,6.99
grayscale_Img000031.tif,7.3
grayscale_Img000032.tif,7.9
grayscale_Img000033.tif,7.45
grayscale_Img000034.tif,8.06
grayscale_Img000035.tif,6.99
grayscale_Img000036.tif,6.84
grayscale_Img000037.tif,6.99
grayscale_Img000038.tif,6.99
grayscale_Img000039.tif,7.14
grayscale_Img000040.tif,7.14
grayscale_Img000041.tif,6.99
grayscale_Img000042.tif,7.14
grayscale_Img000043.tif,7.0
grayscale_Img000044.tif,7.6
grayscale_Img000045.tif,7.15
grayscale_Img000046.tif,7.15
grayscale_Img000047.tif,7.29
grayscale_Img000048.tif,7.3
grayscale_Img000049.tif,7.45
grayscale_Img000050.tif,7.3
grayscale_Img000051.tif,7.3
grayscale_Img000052.tif,6.99
grayscale_Img000053.tif,6.84
grayscale_Img000054.tif,8.35
grayscale_Img000055.tif,6.54
grayscale_Img000056.tif,6.84
grayscale_Img000057.tif,7.14
grayscale_Img000058.tif,6.99
grayscale_Img000059.tif,7.15
grayscale_Img000060.tif,6.84
grayscale_Img000061.tif,7.29
grayscale_Img000062.tif,7.45
grayscale_Img000063.tif,7.45
grayscale_Img000064.tif,6.84
grayscale_Img000065.tif,7.75
grayscale_Img000066.tif,7.3
grayscale_Img000067.tif,6.99
grayscale_Img000068.tif,6.39
grayscale_Img000069.tif,6.99
grayscale_Img000070.tif,6.84
grayscale_Img000071.tif,6.69
grayscale_Img000072.tif,7.45
grayscale_Img000073.tif,6.99
grayscale_Img000074.tif,7.15
grayscale_Img000075.tif,6.99
grayscale_Img000076.tif,6.69
grayscale_Img000077.tif,6.99
grayscale_Img000078.tif,6.69
grayscale_Img000079.tif,6.54
grayscale_Img000080.tif,6.99
grayscale_Img000081.tif,7.3
grayscale_Img000082.tif,7.14
grayscale_Img000083.tif,6.99
grayscale_Img000084.tif,7.75
grayscale_Img000085.tif,7.6
grayscale_Img000086.tif,7.14
grayscale_Img000087.tif,7.74
grayscale_Img000088.tif,6.69
grayscale_Img000089.tif,7.45
grayscale_Img000090.tif,6.99
grayscale_Img000091.tif,6.84
grayscale_Img000092.tif,7.29
grayscale_Img000093.tif,7.45
grayscale_Img000094.tif,7.14
grayscale_Img000095.tif,7.29
grayscale_Img000096.tif,6.53
grayscale_Img000097.tif,7.75
grayscale_Img000098.tif,6.99
grayscale_Img000099.tif,8.05
grayscale_Img000100.tif,7.14
grayscale_Img000101.tif,6.99
grayscale_Img000102.tif,7.44
grayscale_Img000103.tif,6.84
grayscale_Img000104.tif,6.84
grayscale_Img000105.tif,7.3
grayscale_Img000106.tif,7.6
grayscale_Img000107.tif,6.84
grayscale_Img000108.tif,7.3
grayscale_Img000109.tif,6.99
grayscale_Img000110.tif,7.29
grayscale_Img000111.tif,6.54
grayscale_Img000112.tif,7.44
grayscale_Img000113.tif,6.84
grayscale_Img000114.tif,8.35
grayscale_Img000115.tif,7.15
grayscale_Img000116.tif,8.81
grayscale_Img000117.tif,7.45
grayscale_Img000118.tif,7.45
grayscale_Img000119.tif,8.2
grayscale_Img000120.tif,8.5
grayscale_Img000121.tif,7.9
grayscale_Img000122.tif,6.84
grayscale_Img000123.tif,7.9
grayscale_Img000124.tif,7.9
grayscale_Img000125.tif,7.3
grayscale_Img000126.tif,7.45
grayscale_Img000127.tif,7.45
grayscale_Img000128.tif,7.9
grayscale_Img000129.tif,6.84
grayscale_Img000130.tif,7.3
grayscale_Img000131.tif,7.75
grayscale_Img000132.tif,7.6
grayscale_Img000133.tif,6.69
grayscale_Img000134.tif,6.54
grayscale_Img000135.tif,6.84
grayscale_Img000136.tif,7.6
grayscale_Img000137.tif,7.75
grayscale_Img000138.tif,6.99
grayscale_Img000139.tif,6.69
grayscale_Img000140.tif,6.99
grayscale_Img000141.tif,6.54
grayscale_Img000142.tif,7.14
grayscale_Img000143.tif,7.14
grayscale_Img000144.tif,7.9
grayscale_Img000145.tif,7.9
grayscale_Img000146.tif,7.9
grayscale_Img000147.tif,7.6
grayscale_Img000148.tif,6.99
grayscale_Img000149.tif,6.84
grayscale_Img000150.tif,7.75
grayscale_Img000151.tif,7.9
grayscale_Img000152.tif,7.3
grayscale_Img000153.tif,7.75
grayscale_Img000154.tif,6.99
grayscale_Img000155.tif,7.44
grayscale_Img000156.tif,7.3
grayscale_Img000157.tif,7.75
grayscale_Img000158.tif,7.6
grayscale_Img000159.tif,7.14
grayscale_Img000160.tif,6.99
grayscale_Img000161.tif,6.69
grayscale_Img000162.tif,6.84
grayscale_Img000163.tif,7.14
grayscale_Img000164.tif,6.99
grayscale_Img000165.tif,7.6
grayscale_Img000166.tif,6.99
grayscale_Img000167.tif,6.84
grayscale_Img000168.tif,6.69
grayscale_Img000169.tif,7.14
grayscale_Img000170.tif,7.14
grayscale_Img000171.tif,6.84
grayscale_Img000172.tif,7.45
grayscale_Img000173.tif,7.14
grayscale_Img000174.tif,7.14
grayscale_Img000175.tif,7.75
grayscale_Img000176.tif,7.6
grayscale_Img000177.tif,7.14
grayscale_Img000178.tif,7.45
grayscale_Img000179.tif,8.2
grayscale_Img000180.tif,7.6
grayscale_Img000181.tif,7.9
grayscale_Img000182.tif,7.6
grayscale_Img000183.tif,7.9
grayscale_Img000184.tif,6.53
grayscale_Img000185.tif,6.69
grayscale_Img000186.tif,7.9
grayscale_Img000187.tif,7.9
grayscale_Img000188.tif,7.14
grayscale_Img000189.tif,7.29
grayscale_Img000190.tif,6.84
grayscale_Img000191.tif,7.29
grayscale_Img000192.tif,6.84
grayscale_Img000193.tif,7.14
grayscale_Img000194.tif,6.84
grayscale_Img000195.tif,7.3
grayscale_Img000196.tif,7.6
grayscale_Img000197.tif,7.6
grayscale_Img000198.tif,7.3
grayscale_Img000199.tif,6.99
grayscale_Img000200.tif,7.6
grayscale_Img000201.tif,7.3
grayscale_Img000202.tif,7.9
grayscale_Img000203.tif,8.65
grayscale_Img000204.tif,8.35
grayscale_Img000205.tif,7.6
grayscale_Img000206.tif,7.14
grayscale_Img000207.tif,7.75
grayscale_Img000208.tif,8.05
grayscale_Img000209.tif,8.05
grayscale_Img000210.tif,6.84
grayscale_Img000211.tif,6.99
grayscale_Img000212.tif,7.9
grayscale_Img000213.tif,6.84
grayscale_Img000214.tif,6.54
grayscale_Img000215.tif,6.99
grayscale_Img000216.tif,7.45
grayscale_Img000217.tif,7.9
grayscale_Img000218.tif,8.2
grayscale_Img000219.tif,8.05
grayscale_Img000220.tif,6.84
grayscale_Img000221.tif,7.6
grayscale_Img000222.tif,7.44
grayscale_Img000223.tif,7.29
grayscale_Img000224.tif,7.6
grayscale_Img000225.tif,7.6
grayscale_Img000226.tif,6.69
grayscale_Img000227.tif,7.14
grayscale_Img000228.tif,7.45
grayscale_Img000229.tif,7.3
grayscale_Img000230.tif,7.45
grayscale_Img000231.tif,7.29
grayscale_Img000232.tif,7.45
grayscale_Img000233.tif,7.9
grayscale_Img000234.tif,7.45
grayscale_Img000235.tif,7.6
grayscale_Img000236.tif,7.45
grayscale_Img000237.tif,7.6
grayscale_Img000238.tif,7.6
grayscale_Img000239.tif,7.9
grayscale_Img000240.tif,8.05
grayscale_Img000241.tif,8.36
grayscale_Img000242.tif,8.05
grayscale_Img000243.tif,7.14
grayscale_Img000244.tif,7.44
grayscale_Img000245.tif,7.6
grayscale_Img000246.tif,8.2
grayscale_Img000247.tif,8.2
grayscale_Img000248.tif,7.45
grayscale_Img000249.tif,6.84
grayscale_Img000250.tif,7.9
grayscale_Img000251.tif,8.2
grayscale_Img000252.tif,7.9
grayscale_Img000253.tif,7.44
grayscale_Img000254.tif,6.99
grayscale_Img000255.tif,7.29
grayscale_Img000256.tif,7.45
grayscale_Img000257.tif,7.9
grayscale_Img000258.tif,7.89
grayscale_Img000259.tif,7.29
grayscale_Img000260.tif,6.99
grayscale_Img000261.tif,7.74
grayscale_Img000262.tif,7.29
grayscale_Img000263.tif,7.45
grayscale_Img000264.tif,8.2
grayscale_Img000265.tif,7.14
grayscale_Img000266.tif,7.74
grayscale_Img000267.tif,8.2
grayscale_Img000268.tif,6.99
grayscale_Img000269.tif,7.29
grayscale_Img000270.tif,7.59
grayscale_Img000271.tif,6.69
grayscale_Img000272.tif,7.6
grayscale_Img000273.tif,7.9
grayscale_Img000274.tif,6.99
grayscale_Img000275.tif,7.14
grayscale_Img000276.tif,6.84
grayscale_Img000277.tif,7.9
grayscale_Img000278.tif,7.9
grayscale_Img000279.tif,7.74
grayscale_Img000280.tif,7.3
grayscale_Img000281.tif,8.2
grayscale_Img000282.tif,7.75
grayscale_Img000283.tif,7.9
grayscale_Img000284.tif,8.05
grayscale_Img000285.tif,7.29
grayscale_Img000286.tif,7.75
grayscale_Img000287.tif,8.2
grayscale_Img000288.tif,7.9
grayscale_Img000289.tif,8.35
grayscale_Img000290.tif,6.99
grayscale_Img000291.tif,7.75
grayscale_Img000292.tif,7.14
grayscale_Img000293.tif,7.3
grayscale_Img000294.tif,8.05
grayscale_Img000295.tif,7.14
grayscale_Img000296.tif,7.45
grayscale_Img000297.tif,7.45
grayscale_Img000298.tif,7.15
grayscale_Img000299.tif,7.9
grayscale_Img000300.tif,8.05
grayscale_Img000301.tif,7.45
grayscale_Img000302.tif,7.6
grayscale_Img000303.tif,8.5
grayscale_Img000304.tif,7.45
grayscale_Img000305.tif,7.15
grayscale_Img000306.tif,7.45
grayscale_Img000307.tif,7.9
grayscale_Img000308.tif,7.14
grayscale_Img000309.tif,8.35
grayscale_Img000310.tif,8.05
grayscale_Img000311.tif,7.75
grayscale_Img000312.tif,8.35
grayscale_Img000313.tif,8.8
grayscale_Img000314.tif,8.05
grayscale_Img000315.tif,8.5
grayscale_Img000316.tif,7.6
grayscale_Img000317.tif,7.6
grayscale_Img000318.tif,7.6
grayscale_Img000319.tif,7.9
grayscale_Img000320.tif,8.2
grayscale_Img000321.tif,7.45
grayscale_Img000322.tif,7.44
grayscale_Img000323.tif,7.29
grayscale_Img000324.tif,7.74
grayscale_Img000325.tif,7.14
grayscale_Img000326.tif,7.3
grayscale_Img000327.tif,8.05
grayscale_Img000328.tif,8.05
grayscale_Img000329.tif,7.45
grayscale_Img000330.tif,7.3
grayscale_Img000331.tif,8.2
grayscale_Img000332.tif,8.35
grayscale_Img000333.tif,7.14
grayscale_Img000334.tif,7.45
grayscale_Img000335.tif,7.6
grayscale_Img000336.tif,9.26
grayscale_Img000337.tif,8.81
grayscale_Img000338.tif,7.9
grayscale_Img000339.tif,7.75
grayscale_Img000340.tif,7.3
grayscale_Img000341.tif,7.75
grayscale_Img000342.tif,7.75
grayscale_Img000343.tif,7.45
grayscale_Img000344.tif,6.99
grayscale_Img000345.tif,7.9
grayscale_Img000346.tif,7.75
grayscale_Img000347.tif,7.6
grayscale_Img000348.tif,7.91
grayscale_Img000349.tif,8.21
grayscale_Img000350.tif,8.51
grayscale_Img000351.tif,8.05
grayscale_Img000352.tif,8.05
grayscale_Img000353.tif,7.75
grayscale_Img000354.tif,8.21
grayscale_Img000355.tif,8.05
grayscale_Img000356.tif,8.21
grayscale_Img000357.tif,8.36
grayscale_Img000358.tif,8.2
grayscale_Img000359.tif,7.6
grayscale_Img000360.tif,7.9
grayscale_Img000361.tif,7.9
grayscale_Img000362.tif,8.05
grayscale_Img000363.tif,9.41
grayscale_Img000364.tif,7.9
grayscale_Img000365.tif,8.05
grayscale_Img000366.tif,6.99
grayscale_Img000367.tif,7.45
grayscale_Img000368.tif,7.9
grayscale_Img000369.tif,8.36
grayscale_Img000370.tif,7.6
grayscale_Img000371.tif,7.6
grayscale_Img000372.tif,7.75
grayscale_Img000373.tif,7.44
grayscale_Img000374.tif,7.74
grayscale_Img000375.tif,8.05
grayscale_Img000376.tif,7.45
grayscale_Img000377.tif,7.6
grayscale_Img000378.tif,7.3
grayscale_Img000379.tif,7.75
grayscale_Img000380.tif,8.5
grayscale_Img000381.tif,8.2
grayscale_Img000382.tif,8.35
grayscale_Img000383.tif,8.51
grayscale_Img000384.tif,8.5
grayscale_Img000385.tif,7.45
grayscale_Img000386.tif,7.3
grayscale_Img000387.tif,7.6
grayscale_Img000388.tif,8.35
grayscale_Img000389.tif,8.05
grayscale_Img000390.tif,8.35
grayscale_Img000391.tif,8.2
grayscale_Img000392.tif,8.05
grayscale_Img000393.tif,7.9
grayscale_Img000394.tif,8.2
grayscale_Img000395.tif,8.65
grayscale_Img000396.tif,8.05
grayscale_Img000397.tif,9.11
grayscale_Img000398.tif,9.11
grayscale_Img000399.tif,8.5
grayscale_Img000400.tif,8.35
grayscale_Img000401.tif,7.3
grayscale_Img000402.tif,7.6
grayscale_Img000403.tif,8.5
grayscale_Img000404.tif,8.2
grayscale_Img000405.tif,8.81
grayscale_Img000406.tif,9.11
grayscale_Img000407.tif,9.12
grayscale_Img000408.tif,9.57
grayscale_Img000409.tif,8.35
grayscale_Img000410.tif,8.95
grayscale_Img000411.tif,8.66
grayscale_Img000412.tif,8.2
grayscale_Img000413.tif,9.11
grayscale_Img000414.tif,8.65
grayscale_Img000415.tif,8.96
grayscale_Img000416.tif,8.36
grayscale_Img000417.tif,8.05
grayscale_Img000418.tif,7.9
grayscale_Img000419.tif,7.9
grayscale_Img000420.tif,8.2
grayscale_Img000421.tif,7.9
grayscale_Img000422.tif,8.05
grayscale_Img000423.tif,8.65
grayscale_Img000424.tif,8.66
grayscale_Img000425.tif,8.66
grayscale_Img000426.tif,8.96
grayscale_Img000427.tif,8.96
grayscale_Img000428.tif,8.66
grayscale_Img000429.tif,9.86
grayscale_Img000430.tif,9.86
grayscale_Img000431.tif,8.81
grayscale_Img000432.tif,9.26
grayscale_Img000433.tif,8.51
grayscale_Img000434.tif,8.81
grayscale_Img000435.tif,7.6
grayscale_Img000436.tif,8.51
grayscale_Img000437.tif,8.96
grayscale_Img000438.tif,8.5
grayscale_Img000439.tif,8.5
grayscale_Img000440.tif,9.1
grayscale_Img000441.tif,9.11
grayscale_Img000442.tif,8.35
grayscale_Img000443.tif,7.9
grayscale_Img000444.tif,8.5
grayscale_Img000445.tif,8.5
grayscale_Img000446.tif,8.65
grayscale_Img000447.tif,8.36
grayscale_Img000448.tif,7.75
grayscale_Img000449.tif,8.66
grayscale_Img000450.tif,8.2
grayscale_Img000451.tif,8.35
grayscale_Img000452.tif,8.5
grayscale_Img000453.tif,8.66
grayscale_Img000454.tif,8.5
grayscale_Img000455.tif,7.9
grayscale_Img000456.tif,8.81
grayscale_Img000457.tif,7.9
grayscale_Img000458.tif,8.2
grayscale_Img000459.tif,8.5
grayscale_Img000460.tif,7.9
grayscale_Img000461.tif,8.35
grayscale_Img000462.tif,8.8
grayscale_Img000463.tif,9.11
grayscale_Img000464.tif,8.8
grayscale_Img000465.tif,8.5
grayscale_Img000466.tif,8.66
grayscale_Img000467.tif,8.51
grayscale_Img000468.tif,7.3
grayscale_Img000469.tif,7.15
grayscale_Img000470.tif,8.35
grayscale_Img000471.tif,8.95
grayscale_Img000472.tif,8.2
grayscale_Img000473.tif,8.35
grayscale_Img000474.tif,7.9
grayscale_Img000475.tif,7.9
grayscale_Img000476.tif,7.9
grayscale_Img000477.tif,7.6
grayscale_Img000478.tif,7.9
grayscale_Img000479.tif,8.05
grayscale_Img000480.tif,8.81
grayscale_Img000481.tif,7.9
grayscale_Img000482.tif,8.35
grayscale_Img000483.tif,7.45
grayscale_Img000484.tif,7.75
grayscale_Img000485.tif,8.35
grayscale_Img000486.tif,8.66
grayscale_Img000487.tif,7.9
grayscale_Img000488.tif,8.05
grayscale_Img000489.tif,8.2
grayscale_Img000490.tif,8.2
grayscale_Img000491.tif,7.14
grayscale_Img000492.tif,7.45
grayscale_Img000493.tif,7.75
grayscale_Img000494.tif,7.6
grayscale_Img000495.tif,7.75
grayscale_Img000496.tif,8.35
grayscale_Img000497.tif,8.05
grayscale_Img000498.tif,7.45
grayscale_Img000499.tif,7.29
grayscale_Img000500.tif,7.44
grayscale_Img000501.tif,7.44
grayscale_Img000502.tif,7.9
grayscale_Img000503.tif,7.75
grayscale_Img000504.tif,7.9
grayscale_Img000505.tif,7.9
grayscale_Img000506.tif,8.2
grayscale_Img000507.tif,8.2
grayscale_Img000508.tif,6.99
grayscale_Img000509.tif,7.6
grayscale_Img000510.tif,8.35
grayscale_Img000511.tif,8.05
grayscale_Img000512.tif,8.05
grayscale_Img000513.tif,8.05
grayscale_Img000514.tif,9.11
grayscale_Img000515.tif,7.75
grayscale_Img000516.tif,8.05
grayscale_Img000517.tif,7.14
grayscale_Img000518.tif,7.44
grayscale_Img000519.tif,7.75
grayscale_Img000520.tif,8.2
grayscale_Img000521.tif,8.65
grayscale_Img000522.tif,8.96
grayscale_Img000523.tif,7.45
grayscale_Img000524.tif,7.6
grayscale_Img000525.tif,8.2
grayscale_Img000526.tif,8.51
grayscale_Img000527.tif,8.2
grayscale_Img000528.tif,7.9
grayscale_Img000529.tif,7.75
grayscale_Img000530.tif,8.35
grayscale_Img000531.tif,8.2
grayscale_Img000532.tif,7.9
grayscale_Img000533.tif,8.2
grayscale_Img000534.tif,8.5
grayscale_Img000535.tif,7.9
grayscale_Img000536.tif,8.2
grayscale_Img000537.tif,8.2
grayscale_Img000538.tif,8.35
grayscale_Img000539.tif,7.75
grayscale_Img000540.tif,8.2
grayscale_Img000541.tif,8.05
grayscale_Img000542.tif,8.35
grayscale_Img000543.tif,8.65
grayscale_Img000544.tif,7.75
grayscale_Img000545.tif,7.45
grayscale_Img000546.tif,7.29
grayscale_Img000547.tif,7.74
grayscale_Img000548.tif,8.35
grayscale_Img000549.tif,7.29
grayscale_Img000550.tif,7.3
grayscale_Img000551.tif,8.81
grayscale_Img000552.tif,9.11
grayscale_Img000553.tif,7.3
grayscale_Img000554.tif,7.6
grayscale_Img000555.tif,7.45
grayscale_Img000556.tif,8.2
grayscale_Img000557.tif,7.6
grayscale_Img000558.tif,6.99
grayscale_Img000559.tif,7.6
grayscale_Img000560.tif,7.75
grayscale_Img000561.tif,8.35
grayscale_Img000562.tif,8.35
grayscale_Img000563.tif,6.99
grayscale_Img000564.tif,7.14
grayscale_Img000565.tif,7.6
grayscale_Img000566.tif,8.2
grayscale_Img000567.tif,7.6
grayscale_Img000568.tif,7.59
grayscale_Img000569.tif,7.9
grayscale_Img000570.tif,8.35
grayscale_Img000571.tif,8.5
grayscale_Img000572.tif,8.2
grayscale_Img000573.tif,7.75
grayscale_Img000574.tif,7.6
grayscale_Img000575.tif,8.5
grayscale_Img000576.tif,8.05
grayscale_Img000577.tif,6.99
grayscale_Img000578.tif,8.05
grayscale_Img000579.tif,8.81
grayscale_Img000580.tif,8.05
grayscale_Img000581.tif,7.6
grayscale_Img000582.tif,7.45
grayscale_Img000583.tif,8.35
grayscale_Img000584.tif,7.3
grayscale_Img000585.tif,8.05
grayscale_Img000586.tif,8.35
grayscale_Img000587.tif,7.29
grayscale_Img000588.tif,7.75
grayscale_Img000589.tif,7.9
grayscale_Img000590.tif,7.75
grayscale_Img000591.tif,7.75
grayscale_Img000592.tif,7.9
grayscale_Img000593.tif,8.35
grayscale_Img000594.tif,8.65
grayscale_Img000595.tif,7.75
grayscale_Img000596.tif,6.84
grayscale_Img000597.tif,7.74
grayscale_Img000598.tif,7.6
grayscale_Img000599.tif,8.8
grayscale_Img000600.tif,9.26
grayscale_Img000601.tif,8.5
grayscale_Img000602.tif,7.45
grayscale_Img000603.tif,7.9
grayscale_Img000604.tif,8.05
grayscale_Img000605.tif,7.59
grayscale_Img000606.tif,7.29
grayscale_Img000607.tif,7.59
grayscale_Img000608.tif,7.74
grayscale_Img000609.tif,8.2
grayscale_Img000610.tif,8.05
grayscale_Img000611.tif,7.9
grayscale_Img000612.tif,8.35
grayscale_Img000613.tif,8.65
grayscale_Img000614.tif,7.9
grayscale_Img000615.tif,7.29
grayscale_Img000616.tif,7.59
grayscale_Img000617.tif,8.5
grayscale_Img000618.tif,8.2
grayscale_Img000619.tif,7.75
grayscale_Img000620.tif,8.5
grayscale_Img000621.tif,7.9
grayscale_Img000622.tif,7.9
grayscale_Img000623.tif,8.05
grayscale_Img000624.tif,7.9
grayscale_Img000625.tif,7.9
grayscale_Img000626.tif,8.05
grayscale_Img000627.tif,8.35
grayscale_Img000628.tif,8.66
grayscale_Img000629.tif,9.4
grayscale_Img000630.tif,7.75
grayscale_Img000631.tif,7.45
grayscale_Img000632.tif,8.36
grayscale_Img000633.tif,8.51
grayscale_Img000634.tif,8.81
grayscale_Img000635.tif,7.75
grayscale_Img000636.tif,7.6
grayscale_Img000637.tif,7.75
grayscale_Img000638.tif,7.9
grayscale_Img000639.tif,8.05
grayscale_Img000640.tif,7.59
grayscale_Img000641.tif,8.81
grayscale_Img000642.tif,8.05
grayscale_Img000643.tif,8.51
grayscale_Img000644.tif,8.05
grayscale_Img000645.tif,7.9
grayscale_Img000646.tif,8.65
grayscale_Img000647.tif,8.8
grayscale_Img000648.tif,7.6
grayscale_Img000649.tif,8.65
grayscale_Img000650.tif,8.05
grayscale_Img000651.tif,8.35
grayscale_Img000652.tif,8.36
grayscale_Img000653.tif,8.96
grayscale_Img000654.tif,8.51
grayscale_Img000655.tif,8.05
grayscale_Img000656.tif,8.2
grayscale_Img000657.tif,7.6
grayscale_Img000658.tif,7.45
grayscale_Img000659.tif,7.59
grayscale_Img000660.tif,8.05
grayscale_Img000661.tif,8.05
grayscale_Img000662.tif,7.91
grayscale_Img000663.tif,8.2
grayscale_Img000664.tif,7.75
grayscale_Img000665.tif,7.29
grayscale_Img000666.tif,7.3
grayscale_Img000667.tif,8.05
grayscale_Img000668.tif,7.45
grayscale_Img000669.tif,7.45
grayscale_Img000670.tif,8.35
grayscale_Img000671.tif,8.05
grayscale_Img000672.tif,7.3
grayscale_Img000673.tif,7.9
grayscale_Img000674.tif,8.2
grayscale_Img000675.tif,8.05
grayscale_Img000676.tif,8.5
grayscale_Img000677.tif,7.9
grayscale_Img000678.tif,7.6
grayscale_Img000679.tif,8.35
grayscale_Img000680.tif,7.6
grayscale_Img000681.tif,7.45
grayscale_Img000682.tif,8.35
grayscale_Img000683.tif,6.99
grayscale_Img000684.tif,7.44
grayscale_Img000685.tif,7.6
grayscale_Img000686.tif,7.9
grayscale_Img000687.tif,8.05
grayscale_Img000688.tif,7.75
grayscale_Img000689.tif,7.6
grayscale_Img000690.tif,7.14
grayscale_Img000691.tif,6.99
grayscale_Img000692.tif,7.14
grayscale_Img000693.tif,7.45
grayscale_Img000694.tif,8.35
grayscale_Img000695.tif,7.9
grayscale_Img000696.tif,8.96
grayscale_Img000697.tif,7.3
grayscale_Img000698.tif,7.74
grayscale_Img000699.tif,7.29
grayscale_Img000700.tif,6.99
grayscale_Img000701.tif,7.45
grayscale_Img000702.tif,7.29
grayscale_Img000703.tif,6.99
grayscale_Img000704.tif,8.05
grayscale_Img000705.tif,7.29
grayscale_Img000706.tif,7.29
grayscale_Img000707.tif,8.95
grayscale_Img000708.tif,7.45
grayscale_Img000709.tif,7.75
grayscale_Img000710.tif,7.44
grayscale_Img000711.tif,6.99
grayscale_Img000712.tif,7.3
grayscale_Img000713.tif,7.75
grayscale_Img000714.tif,7.45
grayscale_Img000715.tif,7.45
grayscale_Img000716.tif,7.3
grayscale_Img000717.tif,7.45
grayscale_Img000718.tif,7.44
grayscale_Img000719.tif,8.05
grayscale_Img000720.tif,7.9
grayscale_Img000721.tif,7.14
grayscale_Img000722.tif,7.3
grayscale_Img000723.tif,8.05
grayscale_Img000724.tif,7.6
grayscale_Img000725.tif,7.6
grayscale_Img000726.tif,7.14
grayscale_Img000727.tif,7.14
grayscale_Img000728.tif,7.45
grayscale_Img000729.tif,7.14
grayscale_Img000730.tif,6.84
grayscale_Img000731.tif,7.75
grayscale_Img000732.tif,7.75
grayscale_Img000733.tif,7.14
grayscale_Img000734.tif,7.14
grayscale_Img000735.tif,7.45
grayscale_Img000736.tif,7.45
grayscale_Img000737.tif,7.29
grayscale_Img000738.tif,6.99
grayscale_Img000739.tif,8.05
grayscale_Img000740.tif,8.5
grayscale_Img000741.tif,8.05
grayscale_Img000742.tif,7.74
grayscale_Img000743.tif,7.44
grayscale_Img000744.tif,7.59
grayscale_Img000745.tif,7.59
grayscale_Img000746.tif,7.9
grayscale_Img000747.tif,8.2
grayscale_Img000748.tif,7.45
grayscale_Img000749.tif,7.59
grayscale_Img000750.tif,6.69
grayscale_Img000751.tif,7.29
grayscale_Img000752.tif,7.9
grayscale_Img000753.tif,7.6
grayscale_Img000754.tif,7.6
grayscale_Img000755.tif,8.2
grayscale_Img000756.tif,7.74
grayscale_Img000757.tif,7.14
grayscale_Img000758.tif,7.44
grayscale_Img000759.tif,6.99
grayscale_Img000760.tif,7.29
grayscale_Img000761.tif,7.9
grayscale_Img000762.tif,7.14
grayscale_Img000763.tif,7.59
grayscale_Img000764.tif,7.74
grayscale_Img000765.tif,8.05
grayscale_Img000766.tif,8.05
grayscale_Img000767.tif,6.99
grayscale_Img000768.tif,7.3
grayscale_Img000769.tif,7.75
grayscale_Img000770.tif,7.9
grayscale_Img000771.tif,8.5
grayscale_Img000772.tif,6.99
grayscale_Img000773.tif,7.29
grayscale_Img000774.tif,7.9
grayscale_Img000775.tif,7.29
grayscale_Img000776.tif,7.45
grayscale_Img000777.tif,7.9
grayscale_Img000778.tif,7.75
grayscale_Img000779.tif,7.75
grayscale_Img000780.tif,7.29
grayscale_Img000781.tif,6.84
grayscale_Img000782.tif,7.29
grayscale_Img000783.tif,7.59
grayscale_Img000784.tif,7.44
grayscale_Img000785.tif,7.59
grayscale_Img000786.tif,7.44
grayscale_Img000787.tif,7.44
grayscale_Img000788.tif,7.9
grayscale_Img000789.tif,8.2
grayscale_Img000790.tif,8.8
grayscale_Img000791.tif,8.65
grayscale_Img000792.tif,8.04
grayscale_Img000793.tif,8.05
grayscale_Img000794.tif,7.44
grayscale_Img000795.tif,7.9
grayscale_Img000796.tif,7.6
grayscale_Img000797.tif,7.9
grayscale_Img000798.tif,7.29
grayscale_Img000799.tif,7.6
grayscale_Img000800.tif,8.35
grayscale_Img000801.tif,7.74
grayscale_Img000802.tif,7.29
grayscale_Img000803.tif,6.99
grayscale_Img000804.tif,6.99
grayscale_Img000805.tif,7.3
grayscale_Img000806.tif,7.29
grayscale_Img000807.tif,7.74
grayscale_Img000808.tif,7.74
grayscale_Img000809.tif,7.75
grayscale_Img000810.tif,8.05
grayscale_Img000811.tif,8.2
grayscale_Img000812.tif,6.99
grayscale_Img000813.tif,7.14
grayscale_Img000814.tif,7.6
grayscale_Img000815.tif,7.6
grayscale_Img000816.tif,7.29
grayscale_Img000817.tif,7.9
grayscale_Img000818.tif,8.05
grayscale_Img000819.tif,8.2
grayscale_Img000820.tif,7.14
grayscale_Img000821.tif,7.9
grayscale_Img000822.tif,8.2
grayscale_Img000823.tif,7.9
grayscale_Img000824.tif,7.14
grayscale_Img000825.tif,7.6
grayscale_Img000826.tif,8.05
grayscale_Img000827.tif,8.66
grayscale_Img000828.tif,8.5
grayscale_Img000829.tif,7.9
grayscale_Img000830.tif,7.75
grayscale_Img000831.tif,7.14
grayscale_Img000832.tif,7.6
grayscale_Img000833.tif,6.69
grayscale_Img000834.tif,7.29
grayscale_Img000835.tif,6.99
grayscale_Img000836.tif,7.3
grayscale_Img000837.tif,7.6
grayscale_Img000838.tif,7.6
grayscale_Img000839.tif,7.6
grayscale_Img000840.tif,7.45
grayscale_Img000841.tif,7.75
grayscale_Img000842.tif,8.35
grayscale_Img000843.tif,6.84
grayscale_Img000844.tif,7.15
grayscale_Img000845.tif,7.3
grayscale_Img000846.tif,7.74
grayscale_Img000847.tif,6.23
grayscale_Img000848.tif,7.15
grayscale_Img000849.tif,6.54
grayscale_Img000850.tif,6.84
grayscale_Img000851.tif,7.14
grayscale_Img000852.tif,6.53
grayscale_Img000853.tif,6.39
grayscale_Img000854.tif,6.84
grayscale_Img000855.tif,6.99
grayscale_Img000856.tif,6.54
grayscale_Img000857.tif,6.69
grayscale_Img000858.tif,6.69
grayscale_Img000859.tif,7.45
grayscale_Img000860.tif,7.0
grayscale_Img000861.tif,7.45
grayscale_Img000862.tif,6.08
grayscale_Img000863.tif,6.99
grayscale_Img000864.tif,6.84
grayscale_Img000865.tif,7.3
grayscale_Img000866.tif,7.14
grayscale_Img000867.tif,7.45
grayscale_Img000868.tif,7.14
grayscale_Img000869.tif,7.6
grayscale_Img000870.tif,8.05
grayscale_Img000871.tif,6.84
grayscale_Img000872.tif,7.14
grayscale_Img000873.tif,6.54
grayscale_Img000874.tif,7.14
grayscale_Img000875.tif,6.54
grayscale_Img000876.tif,6.99
grayscale_Img000877.tif,7.3
grayscale_Img000878.tif,8.35
grayscale_Img000879.tif,7.14
grayscale_Img000880.tif,7.44
grayscale_Img000881.tif,6.84
grayscale_Img000882.tif,6.99
grayscale_Img000883.tif,6.84
grayscale_Img000884.tif,6.69
grayscale_Img000885.tif,6.69
grayscale_Img000886.tif,7.14
grayscale_Img000887.tif,7.44
grayscale_Img000888.tif,6.99
grayscale_Img000889.tif,7.14
grayscale_Img000890.tif,6.84
grayscale_Img000891.tif,7.6
grayscale_Img000892.tif,7.75
grayscale_Img000893.tif,6.99
grayscale_Img000894.tif,8.2
grayscale_Img000895.tif,6.84
grayscale_Img000896.tif,7.75
grayscale_Img000897.tif,7.59
grayscale_Img000898.tif,6.69
grayscale_Img000899.tif,6.84
grayscale_Img000900.tif,6.69
grayscale_Img000901.tif,6.99
grayscale_Img000902.tif,7.59
grayscale_Img000903.tif,6.99
grayscale_Img000904.tif,6.99
grayscale_Img000905.tif,6.84
grayscale_Img000906.tif,7.14
grayscale_Img000907.tif,7.14
grayscale_Img000908.tif,6.99
grayscale_Img000909.tif,7.14
grayscale_Img000910.tif,7.14
grayscale_Img000911.tif,6.69
grayscale_Img000912.tif,6.69
grayscale_Img000913.tif,6.84
grayscale_Img000914.tif,6.54
grayscale_Img000915.tif,7.14
grayscale_Img000916.tif,6.99
grayscale_Img000917.tif,6.99
grayscale_Img000918.tif,6.84
grayscale_Img000919.tif,7.45
grayscale_Img000920.tif,7.14
grayscale_Img000921.tif,6.99
grayscale_Img000922.tif,6.84
grayscale_Img000923.tif,6.84
grayscale_Img000924.tif,7.14
grayscale_Img000925.tif,7.29
grayscale_Img000926.tif,7.3
grayscale_Img000927.tif,6.99
grayscale_Img000928.tif,6.69
grayscale_Img000929.tif,6.69
grayscale_Img000930.tif,6.69
grayscale_Img000931.tif,7.75
grayscale_Img000932.tif,6.39
grayscale_Img000933.tif,6.99
grayscale_Img000934.tif,7.14
grayscale_Img000935.tif,7.29
grayscale_Img000936.tif,6.84
grayscale_Img000937.tif,6.99
grayscale_Img000938.tif,7.29
grayscale_Img000939.tif,7.14
grayscale_Img000940.tif,7.45
grayscale_Img000941.tif,6.99
grayscale_Img000942.tif,7.6
grayscale_Img000943.tif,7.29
grayscale_Img000944.tif,7.29
grayscale_Img000945.tif,7.9
grayscale_Img000946.tif,6.99
grayscale_Img000947.tif,7.44
grayscale_Img000948.tif,6.99
grayscale_Img000949.tif,7.6
grayscale_Img000950.tif,7.9
grayscale_Img000951.tif,7.9
grayscale_Img000952.tif,6.84
grayscale_Img000953.tif,7.14
grayscale_Img000954.tif,8.35
grayscale_Img000955.tif,7.3
grayscale_Img000956.tif,7.14
grayscale_Img000957.tif,7.6
grayscale_Img000958.tif,7.45
grayscale_Img000959.tif,7.45
grayscale_Img000960.tif,7.6
grayscale_Img000961.tif,8.35
grayscale_Img000962.tif,7.9
grayscale_Img000963.tif,7.45
grayscale_Img000964.tif,7.9
grayscale_Img000965.tif,8.36
grayscale_Img000966.tif,8.66
grayscale_Img000967.tif,7.14
grayscale_Img000968.tif,7.75
grayscale_Img000969.tif,7.3
grayscale_Img000970.tif,6.84
grayscale_Img000971.tif,7.75
grayscale_Img000972.tif,7.6
grayscale_Img000973.tif,7.75
grayscale_Img000974.tif,8.35
grayscale_Img000975.tif,6.99
grayscale_Img000976.tif,6.99
grayscale_Img000977.tif,7.45
grayscale_Img000978.tif,7.14
grayscale_Img000979.tif,8.2
grayscale_Img000980.tif,7.75
grayscale_Img000981.tif,7.9
grayscale_Img000982.tif,7.29
grayscale_Img000983.tif,6.99
grayscale_Img000984.tif,7.14
grayscale_Img000985.tif,6.99
grayscale_Img000986.tif,7.9
grayscale_Img000987.tif,8.05
grayscale_Img000988.tif,8.5
grayscale_Img000989.tif,7.6
grayscale_Img000990.tif,8.2
grayscale_Img000991.tif,6.99
grayscale_Img000992.tif,7.75
grayscale_Img000993.tif,6.99
grayscale_Img000994.tif,7.14
grayscale_Img000995.tif,7.6
grayscale_Img000996.tif,7.9
grayscale_Img000997.tif,7.6
grayscale_Img000998.tif,6.69
grayscale_Img000999.tif,7.3
grayscale_Img001000.tif,8.2
grayscale_Img001001.tif,6.99
grayscale_Img001002.tif,7.29
grayscale_Img001003.tif,7.14
grayscale_Img001004.tif,8.5
grayscale_Img001005.tif,8.35
grayscale_Img001006.tif,7.3
grayscale_Img001007.tif,7.15
grayscale_Img001008.tif,6.99
grayscale_Img001009.tif,7.15
grayscale_Img001010.tif,7.45
grayscale_Img001011.tif,7.75
grayscale_Img001012.tif,7.14
grayscale_Img001013.tif,8.2
grayscale_Img001014.tif,7.9
grayscale_Img001015.tif,7.14
grayscale_Img001016.tif,7.14
grayscale_Img001017.tif,7.45
grayscale_Img001018.tif,6.84
grayscale_Img001019.tif,7.3
grayscale_Img001020.tif,7.9
grayscale_Img001021.tif,7.75
grayscale_Img001022.tif,7.29
grayscale_Img001023.tif,7.14
grayscale_Img001024.tif,7.3
grayscale_Img001025.tif,6.69
grayscale_Img001026.tif,6.69
grayscale_Img001027.tif,7.14
grayscale_Img001028.tif,7.15
grayscale_Img001029.tif,7.3
grayscale_Img001030.tif,7.9
grayscale_Img001031.tif,6.99
grayscale_Img001032.tif,7.45
grayscale_Img001033.tif,6.84
grayscale_Img001034.tif,6.99
grayscale_Img001035.tif,6.84
grayscale_Img001036.tif,6.69
grayscale_Img001037.tif,6.84
grayscale_Img001038.tif,7.59
grayscale_Img001039.tif,7.14
grayscale_Img001040.tif,6.84
grayscale_Img001041.tif,7.6
grayscale_Img001042.tif,6.99
grayscale_Img001043.tif,7.45
grayscale_Img001044.tif,7.75
grayscale_Img001045.tif,7.3
grayscale_Img001046.tif,7.75
grayscale_Img001047.tif,7.74
grayscale_Img001048.tif,6.84
grayscale_Img001049.tif,7.45
grayscale_Img001050.tif,7.75
grayscale_Img001051.tif,6.84
grayscale_Img001052.tif,7.29
grayscale_Img001053.tif,7.45
grayscale_Img001054.tif,7.45
grayscale_Img001055.tif,7.6
grayscale_Img001056.tif,7.3
grayscale_Img001057.tif,7.6
grayscale_Img001058.tif,7.14
grayscale_Img001059.tif,7.45
grayscale_Img001060.tif,7.6
grayscale_Img001061.tif,8.05
grayscale_Img001062.tif,7.3
grayscale_Img001063.tif,7.14
grayscale_Img001064.tif,7.15
grayscale_Img001065.tif,7.6
grayscale_Img001066.tif,7.6
grayscale_Img001067.tif,7.9
grayscale_Img001068.tif,8.2
grayscale_Img001069.tif,7.6
grayscale_Img001070.tif,7.3
grayscale_Img001071.tif,7.6
grayscale_Img001072.tif,7.45
grayscale_Img001073.tif,8.05
grayscale_Img001074.tif,8.2
grayscale_Img001075.tif,6.99
grayscale_Img001076.tif,8.5
grayscale_Img001077.tif,6.99
grayscale_Img001078.tif,7.75
grayscale_Img001079.tif,8.05
grayscale_Img001080.tif,7.75
grayscale_Img001081.tif,7.44
